"IND","Indicator","COU","Country","YEA","Year","Value","Flag Codes","Flags"
"PMR","Product market regulation","AUS","Australia","1998","1998",1.72119,,
"PMR","Product market regulation","AUS","Australia","2003","2003",1.3379437,,
"PMR","Product market regulation","AUS","Australia","2008","2008",1.4419471,,
"PMR","Product market regulation","AUS","Australia","2013","2013",1.2742647,,
"STC","State control","AUS","Australia","1998","1998",2.2771125,,
"STC","State control","AUS","Australia","2003","2003",1.5882808,,
"STC","State control","AUS","Australia","2008","2008",2.1430373,,
"STC","State control","AUS","Australia","2013","2013",1.9411042,,
"BTE","Barriers to entrepreneurship","AUS","Australia","1998","1998",1.9374232,,
"BTE","Barriers to entrepreneurship","AUS","Australia","2003","2003",1.7560614,,
"BTE","Barriers to entrepreneurship","AUS","Australia","2008","2008",1.6528039,,
"BTE","Barriers to entrepreneurship","AUS","Australia","2013","2013",1.6903263,,
"BTI","Barriers to trade and investment","AUS","Australia","1998","1998",0.94903415,,
"BTI","Barriers to trade and investment","AUS","Australia","2003","2003",0.66948867,,
"BTI","Barriers to trade and investment","AUS","Australia","2008","2008",0.52999997,,
"BTI","Barriers to trade and investment","AUS","Australia","2013","2013",0.19136363,,
"PMR","Product market regulation","AUT","Austria","1998","1998",2.1234574,,
"PMR","Product market regulation","AUT","Austria","2003","2003",1.6083512,,
"PMR","Product market regulation","AUT","Austria","2008","2008",1.3725717,,
"PMR","Product market regulation","AUT","Austria","2013","2013",1.1917588,,
"STC","State control","AUT","Austria","1998","1998",3.0901964,,
"STC","State control","AUT","Austria","2003","2003",2.3328528,,
"STC","State control","AUT","Austria","2008","2008",1.9499971,,
"STC","State control","AUT","Austria","2013","2013",1.6704669,,
"BTE","Barriers to entrepreneurship","AUT","Austria","1998","1998",2.4987772,,
"BTE","Barriers to entrepreneurship","AUT","Austria","2003","2003",1.7865123,,
"BTE","Barriers to entrepreneurship","AUT","Austria","2008","2008",1.4620292,,
"BTE","Barriers to entrepreneurship","AUT","Austria","2013","2013",1.3089201,,
"BTI","Barriers to trade and investment","AUT","Austria","1998","1998",0.78139889,,
"BTI","Barriers to trade and investment","AUT","Austria","2003","2003",0.70568871,,
"BTI","Barriers to trade and investment","AUT","Austria","2008","2008",0.70568871,,
"BTI","Barriers to trade and investment","AUT","Austria","2013","2013",0.59588921,,
"PMR","Product market regulation","BEL","Belgium","1998","1998",2.2956553,,
"PMR","Product market regulation","BEL","Belgium","2003","2003",1.6355857,,
"PMR","Product market regulation","BEL","Belgium","2008","2008",1.5201353,,
"PMR","Product market regulation","BEL","Belgium","2013","2013",1.3856595,,
"STC","State control","BEL","Belgium","1998","1998",3.1581228,,
"STC","State control","BEL","Belgium","2003","2003",2.3452258,,
"STC","State control","BEL","Belgium","2008","2008",2.1467278,,
"STC","State control","BEL","Belgium","2013","2013",2.1918879,,
"BTE","Barriers to entrepreneurship","BEL","Belgium","1998","1998",3.0225079,,
"BTE","Barriers to entrepreneurship","BEL","Belgium","2003","2003",2.258605,,
"BTE","Barriers to entrepreneurship","BEL","Belgium","2008","2008",2.117002,,
"BTE","Barriers to entrepreneurship","BEL","Belgium","2013","2013",1.7805735,,
"BTI","Barriers to trade and investment","BEL","Belgium","1998","1998",0.70633519,,
"BTI","Barriers to trade and investment","BEL","Belgium","2003","2003",0.30292615,,
"BTI","Barriers to trade and investment","BEL","Belgium","2008","2008",0.29667616,,
"BTI","Barriers to trade and investment","BEL","Belgium","2013","2013",0.18451704,,
"PMR","Product market regulation","CAN","Canada","1998","1998",1.905069,,
"PMR","Product market regulation","CAN","Canada","2003","2003",1.6372805,,
"PMR","Product market regulation","CAN","Canada","2008","2008",1.5320138,,
"PMR","Product market regulation","CAN","Canada","2013","2013",1.4248413,,
"STC","State control","CAN","Canada","1998","1998",2.1474288,,
"STC","State control","CAN","Canada","2003","2003",2.0800376,,
"STC","State control","CAN","Canada","2008","2008",1.9603789,,
"STC","State control","CAN","Canada","2013","2013",1.9195344,,
"BTE","Barriers to entrepreneurship","CAN","Canada","1998","1998",1.821101,,
"BTE","Barriers to entrepreneurship","CAN","Canada","2003","2003",1.4356947,,
"BTE","Barriers to entrepreneurship","CAN","Canada","2008","2008",1.3638712,,
"BTE","Barriers to entrepreneurship","CAN","Canada","2013","2013",1.3438802,,
"BTI","Barriers to trade and investment","CAN","Canada","1998","1998",1.7466774,,
"BTI","Barriers to trade and investment","CAN","Canada","2003","2003",1.3961092,,
"BTI","Barriers to trade and investment","CAN","Canada","2008","2008",1.2717911,,
"BTI","Barriers to trade and investment","CAN","Canada","2013","2013",1.0111092,,
"PMR","Product market regulation","CZE","Czech Republic","1998","1998",2.6489711,,
"PMR","Product market regulation","CZE","Czech Republic","2003","2003",1.8857677,,
"PMR","Product market regulation","CZE","Czech Republic","2008","2008",1.5084602,,
"PMR","Product market regulation","CZE","Czech Republic","2013","2013",1.4054153,,
"STC","State control","CZE","Czech Republic","1998","1998",3.3066993,,
"STC","State control","CZE","Czech Republic","2003","2003",2.609376,,
"STC","State control","CZE","Czech Republic","2008","2008",2.1442361,,
"STC","State control","CZE","Czech Republic","2013","2013",1.9817952,,
"BTE","Barriers to entrepreneurship","CZE","Czech Republic","1998","1998",2.771096,,
"BTE","Barriers to entrepreneurship","CZE","Czech Republic","2003","2003",2.1938436,,
"BTE","Barriers to entrepreneurship","CZE","Czech Republic","2008","2008",1.9020607,,
"BTE","Barriers to entrepreneurship","CZE","Czech Republic","2013","2013",1.8189734,,
"BTI","Barriers to trade and investment","CZE","Czech Republic","1998","1998",1.8691177,,
"BTI","Barriers to trade and investment","CZE","Czech Republic","2003","2003",0.85408354,,
"BTI","Barriers to trade and investment","CZE","Czech Republic","2008","2008",0.47908357,,
"BTI","Barriers to trade and investment","CZE","Czech Republic","2013","2013",0.41547728,,
"PMR","Product market regulation","DNK","Denmark","1998","1998",1.6623971,,
"PMR","Product market regulation","DNK","Denmark","2003","2003",1.4780207,,
"PMR","Product market regulation","DNK","Denmark","2008","2008",1.3358412,,
"PMR","Product market regulation","DNK","Denmark","2013","2013",1.2093341,,
"STC","State control","DNK","Denmark","1998","1998",2.315362,,
"STC","State control","DNK","Denmark","2003","2003",1.8333026,,
"STC","State control","DNK","Denmark","2008","2008",1.9785712,,
"STC","State control","DNK","Denmark","2013","2013",1.9190407,,
"BTE","Barriers to entrepreneurship","DNK","Denmark","1998","1998",2.4460683,,
"BTE","Barriers to entrepreneurship","DNK","Denmark","2003","2003",2.1249981,,
"BTE","Barriers to entrepreneurship","DNK","Denmark","2008","2008",1.5531912,,
"BTE","Barriers to entrepreneurship","DNK","Denmark","2013","2013",1.2595639,,
"BTI","Barriers to trade and investment","DNK","Denmark","1998","1998",0.22576135,,
"BTI","Barriers to trade and investment","DNK","Denmark","2003","2003",0.47576135,,
"BTI","Barriers to trade and investment","DNK","Denmark","2008","2008",0.47576135,,
"BTI","Barriers to trade and investment","DNK","Denmark","2013","2013",0.44939774,,
"PMR","Product market regulation","FIN","Finland","1998","1998",1.9352465,,
"PMR","Product market regulation","FIN","Finland","2003","2003",1.4942201,,
"PMR","Product market regulation","FIN","Finland","2008","2008",1.3431118,,
"PMR","Product market regulation","FIN","Finland","2013","2013",1.2934831,,
"STC","State control","FIN","Finland","1998","1998",2.7476711,,
"STC","State control","FIN","Finland","2003","2003",2.2599952,,
"STC","State control","FIN","Finland","2008","2008",2.1791396,,
"STC","State control","FIN","Finland","2013","2013",2.1329598,,
"BTE","Barriers to entrepreneurship","FIN","Finland","1998","1998",2.3590763,,
"BTE","Barriers to entrepreneurship","FIN","Finland","2003","2003",1.7736732,,
"BTE","Barriers to entrepreneurship","FIN","Finland","2008","2008",1.5843858,,
"BTE","Barriers to entrepreneurship","FIN","Finland","2013","2013",1.5459635,,
"BTI","Barriers to trade and investment","FIN","Finland","1998","1998",0.69899189,,
"BTI","Barriers to trade and investment","FIN","Finland","2003","2003",0.44899186,,
"BTI","Barriers to trade and investment","FIN","Finland","2008","2008",0.26581007,,
"BTI","Barriers to trade and investment","FIN","Finland","2013","2013",0.20152599,,
"PMR","Product market regulation","FRA","France","1998","1998",2.3771219,,
"PMR","Product market regulation","FRA","France","2003","2003",1.7748411,,
"PMR","Product market regulation","FRA","France","2008","2008",1.5173689,,
"PMR","Product market regulation","FRA","France","2013","2013",1.4680316,,
"STC","State control","FRA","France","1998","1998",3.4117589,,
"STC","State control","FRA","France","2003","2003",2.8273253,,
"STC","State control","FRA","France","2008","2008",2.4145327,,
"STC","State control","FRA","France","2013","2013",2.3709273,,
"BTE","Barriers to entrepreneurship","FRA","France","1998","1998",3.1779451,,
"BTE","Barriers to entrepreneurship","FRA","France","2003","2003",2.0930364,,
"BTE","Barriers to entrepreneurship","FRA","France","2008","2008",1.7362537,,
"BTE","Barriers to entrepreneurship","FRA","France","2013","2013",1.6842064,,
"BTI","Barriers to trade and investment","FRA","France","1998","1998",0.54166138,,
"BTI","Barriers to trade and investment","FRA","France","2003","2003",0.40416136,,
"BTI","Barriers to trade and investment","FRA","France","2008","2008",0.40132046,,
"BTI","Barriers to trade and investment","FRA","France","2013","2013",0.34896106,,
"PMR","Product market regulation","DEU","Germany","1998","1998",2.2253375,,
"PMR","Product market regulation","DEU","Germany","2003","2003",1.8005902,,
"PMR","Product market regulation","DEU","Germany","2008","2008",1.4032711,,
"PMR","Product market regulation","DEU","Germany","2013","2013",1.2848933,,
"STC","State control","DEU","Germany","1998","1998",2.5713673,,
"STC","State control","DEU","Germany","2003","2003",2.1458712,,
"STC","State control","DEU","Germany","2008","2008",1.9781101,,
"STC","State control","DEU","Germany","2013","2013",1.8418651,,
"BTE","Barriers to entrepreneurship","DEU","Germany","1998","1998",2.9476626,,
"BTE","Barriers to entrepreneurship","DEU","Germany","2003","2003",2.4114163,,
"BTE","Barriers to entrepreneurship","DEU","Germany","2008","2008",1.8872204,,
"BTE","Barriers to entrepreneurship","DEU","Germany","2013","2013",1.65265,,
"BTI","Barriers to trade and investment","DEU","Germany","1998","1998",1.1569829,,
"BTI","Barriers to trade and investment","DEU","Germany","2003","2003",0.84448296,,
"BTI","Barriers to trade and investment","DEU","Germany","2008","2008",0.34448296,,
"BTI","Barriers to trade and investment","DEU","Germany","2013","2013",0.36016476,,
"PMR","Product market regulation","GRC","Greece","1998","1998",2.7513704,,
"PMR","Product market regulation","GRC","Greece","2003","2003",2.5068684,,
"PMR","Product market regulation","GRC","Greece","2008","2008",2.2142985,,
"PMR","Product market regulation","GRC","Greece","2013","2013",1.740815,,
"STC","State control","GRC","Greece","1998","1998",4.2409129,,
"STC","State control","GRC","Greece","2003","2003",3.8082786,,
"STC","State control","GRC","Greece","2008","2008",3.3257184,,
"STC","State control","GRC","Greece","2013","2013",2.8165877,,
"BTE","Barriers to entrepreneurship","GRC","Greece","1998","1998",3.0557857,,
"BTE","Barriers to entrepreneurship","GRC","Greece","2003","2003",2.8924139,,
"BTE","Barriers to entrepreneurship","GRC","Greece","2008","2008",2.5269234,,
"BTE","Barriers to entrepreneurship","GRC","Greece","2013","2013",1.9128858,,
"BTI","Barriers to trade and investment","GRC","Greece","1998","1998",0.9574129,,
"BTI","Barriers to trade and investment","GRC","Greece","2003","2003",0.81991291,,
"BTI","Barriers to trade and investment","GRC","Greece","2008","2008",0.79025376,,
"BTI","Barriers to trade and investment","GRC","Greece","2013","2013",0.4929716,,
"PMR","Product market regulation","HUN","Hungary","1998","1998",2.6643827,,
"PMR","Product market regulation","HUN","Hungary","2003","2003",2.1115263,,
"PMR","Product market regulation","HUN","Hungary","2008","2008",1.5390544,,
"PMR","Product market regulation","HUN","Hungary","2013","2013",1.3271956,,
"STC","State control","HUN","Hungary","1998","1998",3.4020095,,
"STC","State control","HUN","Hungary","2003","2003",2.470068,,
"STC","State control","HUN","Hungary","2008","2008",2.0313101,,
"STC","State control","HUN","Hungary","2013","2013",2.0494869,,
"BTE","Barriers to entrepreneurship","HUN","Hungary","1998","1998",2.80879,,
"BTE","Barriers to entrepreneurship","HUN","Hungary","2003","2003",2.295861,,
"BTE","Barriers to entrepreneurship","HUN","Hungary","2008","2008",2.2047036,,
"BTE","Barriers to entrepreneurship","HUN","Hungary","2013","2013",1.6914808,,
"BTI","Barriers to trade and investment","HUN","Hungary","1998","1998",1.7823485,,
"BTI","Barriers to trade and investment","HUN","Hungary","2003","2003",1.5686496,,
"BTI","Barriers to trade and investment","HUN","Hungary","2008","2008",0.38114962,,
"BTI","Barriers to trade and investment","HUN","Hungary","2013","2013",0.24061933,,
"PMR","Product market regulation","ISL","Iceland","1998","1998",2.0335515,,
"PMR","Product market regulation","ISL","Iceland","2003","2003",1.6180077,,
"PMR","Product market regulation","ISL","Iceland","2008","2008",1.481619,,
"PMR","Product market regulation","ISL","Iceland","2013","2013",1.4972795,,
"STC","State control","ISL","Iceland","1998","1998",2.5986662,,
"STC","State control","ISL","Iceland","2003","2003",1.9277139,,
"STC","State control","ISL","Iceland","2008","2008",1.8387318,,
"STC","State control","ISL","Iceland","2013","2013",1.9684445,,
"BTE","Barriers to entrepreneurship","ISL","Iceland","1998","1998",2.8197587,,
"BTE","Barriers to entrepreneurship","ISL","Iceland","2003","2003",2.1815796,,
"BTE","Barriers to entrepreneurship","ISL","Iceland","2008","2008",2.1738956,,
"BTE","Barriers to entrepreneurship","ISL","Iceland","2013","2013",2.0699589,,
"BTI","Barriers to trade and investment","ISL","Iceland","1998","1998",0.6822297,,
"BTI","Barriers to trade and investment","ISL","Iceland","2003","2003",0.7447297,,
"BTI","Barriers to trade and investment","ISL","Iceland","2008","2008",0.4322297,,
"BTI","Barriers to trade and investment","ISL","Iceland","2013","2013",0.45343506,,
"PMR","Product market regulation","IRL","Ireland","1998","1998",1.8572642,,
"PMR","Product market regulation","IRL","Ireland","2003","2003",1.5832975,,
"PMR","Product market regulation","IRL","Ireland","2008","2008",1.3504734,,
"PMR","Product market regulation","IRL","Ireland","2013","2013",1.4542758,,
"STC","State control","IRL","Ireland","1998","1998",2.9985859,,
"STC","State control","IRL","Ireland","2003","2003",2.5049686,,
"STC","State control","IRL","Ireland","2008","2008",1.8368714,,
"STC","State control","IRL","Ireland","2013","2013",2.1243005,,
"BTE","Barriers to entrepreneurship","IRL","Ireland","1998","1998",2.3472531,,
"BTE","Barriers to entrepreneurship","IRL","Ireland","2003","2003",2.0189705,,
"BTE","Barriers to entrepreneurship","IRL","Ireland","2008","2008",1.9885952,,
"BTE","Barriers to entrepreneurship","IRL","Ireland","2013","2013",1.9767658,,
"BTI","Barriers to trade and investment","IRL","Ireland","1998","1998",0.22595346,,
"BTI","Barriers to trade and investment","IRL","Ireland","2003","2003",0.22595346,,
"BTI","Barriers to trade and investment","IRL","Ireland","2008","2008",0.22595346,,
"BTI","Barriers to trade and investment","IRL","Ireland","2013","2013",0.26176137,,
"PMR","Product market regulation","ITA","Italy","1998","1998",2.3590696,,
"PMR","Product market regulation","ITA","Italy","2003","2003",1.8040661,,
"PMR","Product market regulation","ITA","Italy","2008","2008",1.5139464,,
"PMR","Product market regulation","ITA","Italy","2013","2013",1.2891349,,
"STC","State control","ITA","Italy","1998","1998",3.8182473,,
"STC","State control","ITA","Italy","2003","2003",3.1501875,,
"STC","State control","ITA","Italy","2008","2008",2.6582141,,
"STC","State control","ITA","Italy","2013","2013",2.2199702,,
"BTE","Barriers to entrepreneurship","ITA","Italy","1998","1998",2.6067445,,
"BTE","Barriers to entrepreneurship","ITA","Italy","2003","2003",1.6722937,,
"BTE","Barriers to entrepreneurship","ITA","Italy","2008","2008",1.3001579,,
"BTE","Barriers to entrepreneurship","ITA","Italy","2013","2013",1.2241389,,
"BTI","Barriers to trade and investment","ITA","Italy","1998","1998",0.65221709,,
"BTI","Barriers to trade and investment","ITA","Italy","2003","2003",0.58971709,,
"BTI","Barriers to trade and investment","ITA","Italy","2008","2008",0.58346713,,
"BTI","Barriers to trade and investment","ITA","Italy","2013","2013",0.42329547,,
"PMR","Product market regulation","JPN","Japan","1998","1998",2.1132407,,
"PMR","Product market regulation","JPN","Japan","2003","2003",1.3666785,,
"PMR","Product market regulation","JPN","Japan","2008","2008",1.431011,,
"PMR","Product market regulation","JPN","Japan","2013","2013",1.4118299,,
"STC","State control","JPN","Japan","1998","1998",1.8743045,,
"STC","State control","JPN","Japan","2003","2003",1.6555464,,
"STC","State control","JPN","Japan","2008","2008",1.9039646,,
"STC","State control","JPN","Japan","2013","2013",1.8537081,,
"BTE","Barriers to entrepreneurship","JPN","Japan","1998","1998",3.2219179,,
"BTE","Barriers to entrepreneurship","JPN","Japan","2003","2003",1.6922389,,
"BTE","Barriers to entrepreneurship","JPN","Japan","2008","2008",1.6473182,,
"BTE","Barriers to entrepreneurship","JPN","Japan","2013","2013",1.6719635,,
"BTI","Barriers to trade and investment","JPN","Japan","1998","1998",1.2435,,
"BTI","Barriers to trade and investment","JPN","Japan","2003","2003",0.75225002,,
"BTI","Barriers to trade and investment","JPN","Japan","2008","2008",0.74175,,
"BTI","Barriers to trade and investment","JPN","Japan","2013","2013",0.70981818,,
"PMR","Product market regulation","KOR","Korea","1998","1998",2.5577853,,
"PMR","Product market regulation","KOR","Korea","2003","2003",1.9534862,,
"PMR","Product market regulation","KOR","Korea","2008","2008",1.9432336,,
"PMR","Product market regulation","KOR","Korea","2013","2013",1.8780003,,
"STC","State control","KOR","Korea","1998","1998",2.6031113,,
"STC","State control","KOR","Korea","2003","2003",2.0955782,,
"STC","State control","KOR","Korea","2008","2008",2.438935,,
"STC","State control","KOR","Korea","2013","2013",2.4686151,,
"BTE","Barriers to entrepreneurship","KOR","Korea","1998","1998",2.628422,,
"BTE","Barriers to entrepreneurship","KOR","Korea","2003","2003",2.3989105,,
"BTE","Barriers to entrepreneurship","KOR","Korea","2008","2008",2.1583297,,
"BTE","Barriers to entrepreneurship","KOR","Korea","2013","2013",1.8680688,,
"BTI","Barriers to trade and investment","KOR","Korea","1998","1998",2.4418223,,
"BTI","Barriers to trade and investment","KOR","Korea","2003","2003",1.36597,,
"BTI","Barriers to trade and investment","KOR","Korea","2008","2008",1.2324359,,
"BTI","Barriers to trade and investment","KOR","Korea","2013","2013",1.2973168,,
"PMR","Product market regulation","LUX","Luxembourg","2003","2003",1.5975018,,
"PMR","Product market regulation","LUX","Luxembourg","2008","2008",1.436931,,
"PMR","Product market regulation","LUX","Luxembourg","2013","2013",1.4583222,,
"STC","State control","LUX","Luxembourg","2003","2003",2.6943362,,
"STC","State control","LUX","Luxembourg","2008","2008",2.3380041,,
"STC","State control","LUX","Luxembourg","2013","2013",2.4490461,,
"BTE","Barriers to entrepreneurship","LUX","Luxembourg","2003","2003",1.8735179,,
"BTE","Barriers to entrepreneurship","LUX","Luxembourg","2008","2008",1.7481376,,
"BTE","Barriers to entrepreneurship","LUX","Luxembourg","2013","2013",1.7142498,,
"BTI","Barriers to trade and investment","LUX","Luxembourg","1998","1998",0.28715122,,
"BTI","Barriers to trade and investment","LUX","Luxembourg","2003","2003",0.22465122,,
"BTI","Barriers to trade and investment","LUX","Luxembourg","2008","2008",0.22465122,,
"BTI","Barriers to trade and investment","LUX","Luxembourg","2013","2013",0.21167046,,
"PMR","Product market regulation","MEX","Mexico","1998","1998",2.7602222,,
"PMR","Product market regulation","MEX","Mexico","2003","2003",2.5043044,,
"PMR","Product market regulation","MEX","Mexico","2008","2008",2.0508671,,
"PMR","Product market regulation","MEX","Mexico","2013","2013",1.9062263,,
"STC","State control","MEX","Mexico","1998","1998",2.583895,,
"STC","State control","MEX","Mexico","2003","2003",2.2847023,,
"STC","State control","MEX","Mexico","2008","2008",2.11689,,
"STC","State control","MEX","Mexico","2013","2013",2.0166087,,
"BTE","Barriers to entrepreneurship","MEX","Mexico","1998","1998",3.0617797,,
"BTE","Barriers to entrepreneurship","MEX","Mexico","2003","2003",2.5936961,,
"BTE","Barriers to entrepreneurship","MEX","Mexico","2008","2008",2.4525261,,
"BTE","Barriers to entrepreneurship","MEX","Mexico","2013","2013",2.1854842,,
"BTI","Barriers to trade and investment","MEX","Mexico","1998","1998",2.6349919,,
"BTI","Barriers to trade and investment","MEX","Mexico","2003","2003",2.6345148,,
"BTI","Barriers to trade and investment","MEX","Mexico","2008","2008",1.5831851,,
"BTI","Barriers to trade and investment","MEX","Mexico","2013","2013",1.5165861,,
"PMR","Product market regulation","NLD","Netherlands","1998","1998",1.8163078,,
"PMR","Product market regulation","NLD","Netherlands","2003","2003",1.4867096,,
"PMR","Product market regulation","NLD","Netherlands","2008","2008",0.96197134,,
"PMR","Product market regulation","NLD","Netherlands","2013","2013",0.91503167,,
"STC","State control","NLD","Netherlands","1998","1998",2.9651284,,
"STC","State control","NLD","Netherlands","2003","2003",2.2766023,,
"STC","State control","NLD","Netherlands","2008","2008",1.4395179,,
"STC","State control","NLD","Netherlands","2013","2013",1.4332321,,
"BTE","Barriers to entrepreneurship","NLD","Netherlands","1998","1998",2.2175746,,
"BTE","Barriers to entrepreneurship","NLD","Netherlands","2003","2003",1.9173061,,
"BTE","Barriers to entrepreneurship","NLD","Netherlands","2008","2008",1.3051759,,
"BTE","Barriers to entrepreneurship","NLD","Netherlands","2013","2013",1.1937436,,
"BTI","Barriers to trade and investment","NLD","Netherlands","1998","1998",0.2662203,,
"BTI","Barriers to trade and investment","NLD","Netherlands","2003","2003",0.2662203,,
"BTI","Barriers to trade and investment","NLD","Netherlands","2008","2008",0.14122029,,
"BTI","Barriers to trade and investment","NLD","Netherlands","2013","2013",0.11811931,,
"PMR","Product market regulation","NZL","New Zealand","1998","1998",1.4478482,,
"PMR","Product market regulation","NZL","New Zealand","2003","2003",1.2855355,,
"PMR","Product market regulation","NZL","New Zealand","2008","2008",1.2282597,,
"PMR","Product market regulation","NZL","New Zealand","2013","2013",1.2603095,,
"STC","State control","NZL","New Zealand","1998","1998",1.1793106,,
"STC","State control","NZL","New Zealand","2003","2003",1.5545529,,
"STC","State control","NZL","New Zealand","2008","2008",1.9283354,,
"STC","State control","NZL","New Zealand","2013","2013",2.061861,,
"BTE","Barriers to entrepreneurship","NZL","New Zealand","1998","1998",2.0620425,,
"BTE","Barriers to entrepreneurship","NZL","New Zealand","2003","2003",1.6373619,,
"BTE","Barriers to entrepreneurship","NZL","New Zealand","2008","2008",1.0917521,,
"BTE","Barriers to entrepreneurship","NZL","New Zealand","2013","2013",1.1848905,,
"BTI","Barriers to trade and investment","NZL","New Zealand","1998","1998",1.1021916,,
"BTI","Barriers to trade and investment","NZL","New Zealand","2003","2003",0.66469157,,
"BTI","Barriers to trade and investment","NZL","New Zealand","2008","2008",0.66469157,,
"BTI","Barriers to trade and investment","NZL","New Zealand","2013","2013",0.53417683,,
"PMR","Product market regulation","NOR","Norway","1998","1998",1.8689063,,
"PMR","Product market regulation","NOR","Norway","2003","2003",1.556374,,
"PMR","Product market regulation","NOR","Norway","2008","2008",1.5383915,,
"PMR","Product market regulation","NOR","Norway","2013","2013",1.4623799,,
"STC","State control","NOR","Norway","1998","1998",2.809582,,
"STC","State control","NOR","Norway","2003","2003",2.1849089,,
"STC","State control","NOR","Norway","2008","2008",2.19507,,
"STC","State control","NOR","Norway","2013","2013",2.1297629,,
"BTE","Barriers to entrepreneurship","NOR","Norway","1998","1998",2.1934314,,
"BTE","Barriers to entrepreneurship","NOR","Norway","2003","2003",1.8805077,,
"BTE","Barriers to entrepreneurship","NOR","Norway","2008","2008",1.816399,,
"BTE","Barriers to entrepreneurship","NOR","Norway","2013","2013",1.6907456,,
"BTI","Barriers to trade and investment","NOR","Norway","1998","1998",0.60370535,,
"BTI","Barriers to trade and investment","NOR","Norway","2003","2003",0.60370535,,
"BTI","Barriers to trade and investment","NOR","Norway","2008","2008",0.60370535,,
"BTI","Barriers to trade and investment","NOR","Norway","2013","2013",0.5666315,,
"PMR","Product market regulation","POL","Poland","1998","1998",3.1902363,,
"PMR","Product market regulation","POL","Poland","2003","2003",2.4230654,,
"PMR","Product market regulation","POL","Poland","2008","2008",2.0442531,,
"PMR","Product market regulation","POL","Poland","2013","2013",1.6479105,,
"STC","State control","POL","Poland","1998","1998",2.974679,,
"STC","State control","POL","Poland","2003","2003",3.569165,,
"STC","State control","POL","Poland","2008","2008",3.3164487,,
"STC","State control","POL","Poland","2013","2013",3.0631847,,
"BTE","Barriers to entrepreneurship","POL","Poland","1998","1998",3.4479046,,
"BTE","Barriers to entrepreneurship","POL","Poland","2003","2003",3.1132698,,
"BTE","Barriers to entrepreneurship","POL","Poland","2008","2008",2.4902654,,
"BTE","Barriers to entrepreneurship","POL","Poland","2013","2013",1.6357514,,
"BTI","Barriers to trade and investment","POL","Poland","1998","1998",3.1481252,,
"BTI","Barriers to trade and investment","POL","Poland","2003","2003",0.58676136,,
"BTI","Barriers to trade and investment","POL","Poland","2008","2008",0.32604545,,
"BTI","Barriers to trade and investment","POL","Poland","2013","2013",0.24479546,,
"PMR","Product market regulation","PRT","Portugal","1998","1998",2.5889282,,
"PMR","Product market regulation","PRT","Portugal","2003","2003",2.1228745,,
"PMR","Product market regulation","PRT","Portugal","2008","2008",1.6915776,,
"PMR","Product market regulation","PRT","Portugal","2013","2013",1.2948341,,
"STC","State control","PRT","Portugal","1998","1998",4.0446529,,
"STC","State control","PRT","Portugal","2003","2003",3.4168065,,
"STC","State control","PRT","Portugal","2008","2008",2.8948812,,
"STC","State control","PRT","Portugal","2013","2013",2.1832292,,
"BTE","Barriers to entrepreneurship","PRT","Portugal","1998","1998",2.8155432,,
"BTE","Barriers to entrepreneurship","PRT","Portugal","2003","2003",2.0452285,,
"BTE","Barriers to entrepreneurship","PRT","Portugal","2008","2008",1.8277801,,
"BTE","Barriers to entrepreneurship","PRT","Portugal","2013","2013",1.3492019,,
"BTI","Barriers to trade and investment","PRT","Portugal","1998","1998",0.90658849,,
"BTI","Barriers to trade and investment","PRT","Portugal","2003","2003",0.90658849,,
"BTI","Barriers to trade and investment","PRT","Portugal","2008","2008",0.35207143,,
"BTI","Barriers to trade and investment","PRT","Portugal","2013","2013",0.35207143,,
"PMR","Product market regulation","SVK","Slovak Republic","2003","2003",2.1753342,,
"PMR","Product market regulation","SVK","Slovak Republic","2008","2008",1.6203208,,
"PMR","Product market regulation","SVK","Slovak Republic","2013","2013",1.2876289,,
"STC","State control","SVK","Slovak Republic","2003","2003",3.0676188,,
"STC","State control","SVK","Slovak Republic","2008","2008",2.3554614,,
"STC","State control","SVK","Slovak Republic","2013","2013",2.1656051,,
"BTE","Barriers to entrepreneurship","SVK","Slovak Republic","2003","2003",2.1535542,,
"BTE","Barriers to entrepreneurship","SVK","Slovak Republic","2008","2008",1.7381487,,
"BTE","Barriers to entrepreneurship","SVK","Slovak Republic","2013","2013",1.1486793,,
"BTI","Barriers to trade and investment","SVK","Slovak Republic","2003","2003",1.3048296,,
"BTI","Barriers to trade and investment","SVK","Slovak Republic","2008","2008",0.76735228,,
"BTI","Barriers to trade and investment","SVK","Slovak Republic","2013","2013",0.54860228,,
"PMR","Product market regulation","ESP","Spain","1998","1998",2.3907137,,
"PMR","Product market regulation","ESP","Spain","2003","2003",1.79346,,
"PMR","Product market regulation","ESP","Spain","2008","2008",1.5946069,,
"PMR","Product market regulation","ESP","Spain","2013","2013",1.4419456,,
"STC","State control","ESP","Spain","1998","1998",3.6870742,,
"STC","State control","ESP","Spain","2003","2003",2.4938581,,
"STC","State control","ESP","Spain","2008","2008",2.1627815,,
"STC","State control","ESP","Spain","2013","2013",1.8570992,,
"BTE","Barriers to entrepreneurship","ESP","Spain","1998","1998",3.0646734,,
"BTE","Barriers to entrepreneurship","ESP","Spain","2003","2003",2.4661286,,
"BTE","Barriers to entrepreneurship","ESP","Spain","2008","2008",2.2006459,,
"BTE","Barriers to entrepreneurship","ESP","Spain","2013","2013",2.1036661,,
"BTI","Barriers to trade and investment","ESP","Spain","1998","1998",0.42039341,,
"BTI","Barriers to trade and investment","ESP","Spain","2003","2003",0.42039341,,
"BTI","Barriers to trade and investment","ESP","Spain","2008","2008",0.42039341,,
"BTI","Barriers to trade and investment","ESP","Spain","2013","2013",0.36507145,,
"PMR","Product market regulation","SWE","Sweden","1998","1998",1.8893653,,
"PMR","Product market regulation","SWE","Sweden","2003","2003",1.5037125,,
"PMR","Product market regulation","SWE","Sweden","2008","2008",1.6056908,,
"PMR","Product market regulation","SWE","Sweden","2013","2013",1.5194523,,
"STC","State control","SWE","Sweden","1998","1998",2.2054441,,
"STC","State control","SWE","Sweden","2003","2003",1.9095371,,
"STC","State control","SWE","Sweden","2008","2008",2.388495,,
"STC","State control","SWE","Sweden","2013","2013",2.2244525,,
"BTE","Barriers to entrepreneurship","SWE","Sweden","1998","1998",2.8466206,,
"BTE","Barriers to entrepreneurship","SWE","Sweden","2003","2003",1.9855694,,
"BTE","Barriers to entrepreneurship","SWE","Sweden","2008","2008",1.8125463,,
"BTE","Barriers to entrepreneurship","SWE","Sweden","2013","2013",1.7104869,,
"BTI","Barriers to trade and investment","SWE","Sweden","1998","1998",0.61603129,,
"BTI","Barriers to trade and investment","SWE","Sweden","2003","2003",0.61603129,,
"BTI","Barriers to trade and investment","SWE","Sweden","2008","2008",0.61603129,,
"BTI","Barriers to trade and investment","SWE","Sweden","2013","2013",0.62341756,,
"PMR","Product market regulation","CHE","Switzerland","1998","1998",2.4865787,,
"PMR","Product market regulation","CHE","Switzerland","2003","2003",1.9915488,,
"PMR","Product market regulation","CHE","Switzerland","2008","2008",1.5473166,,
"PMR","Product market regulation","CHE","Switzerland","2013","2013",1.4997592,,
"STC","State control","CHE","Switzerland","1998","1998",3.052331,,
"STC","State control","CHE","Switzerland","2003","2003",2.7534988,,
"STC","State control","CHE","Switzerland","2008","2008",2.6552005,,
"STC","State control","CHE","Switzerland","2013","2013",2.6783919,,
"BTE","Barriers to entrepreneurship","CHE","Switzerland","1998","1998",2.9437149,,
"BTE","Barriers to entrepreneurship","CHE","Switzerland","2003","2003",2.5074573,,
"BTE","Barriers to entrepreneurship","CHE","Switzerland","2008","2008",1.6168085,,
"BTE","Barriers to entrepreneurship","CHE","Switzerland","2013","2013",1.5583315,,
"BTI","Barriers to trade and investment","CHE","Switzerland","1998","1998",1.4636905,,
"BTI","Barriers to trade and investment","CHE","Switzerland","2003","2003",0.71369046,,
"BTI","Barriers to trade and investment","CHE","Switzerland","2008","2008",0.36994046,,
"BTI","Barriers to trade and investment","CHE","Switzerland","2013","2013",0.26255411,,
"PMR","Product market regulation","TUR","Turkey","1998","1998",3.2822793,,
"PMR","Product market regulation","TUR","Turkey","2003","2003",2.8231599,,
"PMR","Product market regulation","TUR","Turkey","2008","2008",2.6513693,,
"PMR","Product market regulation","TUR","Turkey","2013","2013",2.4599974,,
"STC","State control","TUR","Turkey","1998","1998",4.4233427,,
"STC","State control","TUR","Turkey","2003","2003",4.1465597,,
"STC","State control","TUR","Turkey","2008","2008",3.6556759,,
"STC","State control","TUR","Turkey","2013","2013",3.4363689,,
"BTE","Barriers to entrepreneurship","TUR","Turkey","1998","1998",3.5674233,,
"BTE","Barriers to entrepreneurship","TUR","Turkey","2003","2003",3.0293486,,
"BTE","Barriers to entrepreneurship","TUR","Turkey","2008","2008",2.8967924,,
"BTE","Barriers to entrepreneurship","TUR","Turkey","2013","2013",2.7794077,,
"BTI","Barriers to trade and investment","TUR","Turkey","1998","1998",1.8560715,,
"BTI","Barriers to trade and investment","TUR","Turkey","2003","2003",1.2935715,,
"BTI","Barriers to trade and investment","TUR","Turkey","2008","2008",1.4016396,,
"BTI","Barriers to trade and investment","TUR","Turkey","2013","2013",1.1642154,,
"PMR","Product market regulation","GBR","United Kingdom","1998","1998",1.3192157,,
"PMR","Product market regulation","GBR","United Kingdom","2003","2003",1.0981007,,
"PMR","Product market regulation","GBR","United Kingdom","2008","2008",1.2081584,,
"PMR","Product market regulation","GBR","United Kingdom","2013","2013",1.0840274,,
"STC","State control","GBR","United Kingdom","1998","1998",1.6806819,,
"STC","State control","GBR","United Kingdom","2003","2003",1.1534009,,
"STC","State control","GBR","United Kingdom","2008","2008",1.6318237,,
"STC","State control","GBR","United Kingdom","2013","2013",1.5711745,,
"BTE","Barriers to entrepreneurship","GBR","United Kingdom","1998","1998",1.9560887,,
"BTE","Barriers to entrepreneurship","GBR","United Kingdom","2003","2003",1.8200246,,
"BTE","Barriers to entrepreneurship","GBR","United Kingdom","2008","2008",1.7397295,,
"BTE","Barriers to entrepreneurship","GBR","United Kingdom","2013","2013",1.4854102,,
"BTI","Barriers to trade and investment","GBR","United Kingdom","1998","1998",0.32087636,,
"BTI","Barriers to trade and investment","GBR","United Kingdom","2003","2003",0.32087636,,
"BTI","Barriers to trade and investment","GBR","United Kingdom","2008","2008",0.25292182,,
"BTI","Barriers to trade and investment","GBR","United Kingdom","2013","2013",0.19549757,,
"PMR","Product market regulation","USA","United States","1998","1998",1.6283404,,
"PMR","Product market regulation","USA","United States","2003","2003",1.4366081,,
"PMR","Product market regulation","USA","United States","2008","2008",1.5897976,,
"PMR","Product market regulation","USA","United States","2013","2013",1.5905634,,
"STC","State control","USA","United States","1998","1998",1.9615388,,
"STC","State control","USA","United States","2003","2003",1.8008504,,
"STC","State control","USA","United States","2008","2008",2.6539257,,
"STC","State control","USA","United States","2013","2013",2.7027779,,
"BTE","Barriers to entrepreneurship","USA","United States","1998","1998",1.9993999,,
"BTE","Barriers to entrepreneurship","USA","United States","2003","2003",1.6473916,,
"BTE","Barriers to entrepreneurship","USA","United States","2008","2008",1.5663848,,
"BTE","Barriers to entrepreneurship","USA","United States","2013","2013",1.5531635,,
"BTI","Barriers to trade and investment","USA","United States","1998","1998",0.92408228,,
"BTI","Barriers to trade and investment","USA","United States","2003","2003",0.86158228,,
"BTI","Barriers to trade and investment","USA","United States","2008","2008",0.54908228,,
"BTI","Barriers to trade and investment","USA","United States","2013","2013",0.51574892,,
"PMR","Product market regulation","BRA","Brazil","2008","2008",2.5396159,,
"PMR","Product market regulation","BRA","Brazil","2013","2013",2.5427973,,
"STC","State control","BRA","Brazil","2008","2008",2.6483107,,
"STC","State control","BRA","Brazil","2013","2013",2.5120125,,
"BTE","Barriers to entrepreneurship","BRA","Brazil","2008","2008",2.79953,,
"BTE","Barriers to entrepreneurship","BRA","Brazil","2013","2013",2.8778348,,
"BTI","Barriers to trade and investment","BRA","Brazil","2008","2008",2.1710067,,
"BTI","Barriers to trade and investment","BRA","Brazil","2013","2013",2.2385445,,
"PMR","Product market regulation","CHL","Chile","2008","2008",1.7484802,,
"PMR","Product market regulation","CHL","Chile","2013","2013",1.5142038,,
"STC","State control","CHL","Chile","2008","2008",2.3310211,,
"STC","State control","CHL","Chile","2013","2013",2.0950522,,
"BTE","Barriers to entrepreneurship","CHL","Chile","2008","2008",2.4470901,,
"BTE","Barriers to entrepreneurship","CHL","Chile","2013","2013",2.0217474,,
"BTI","Barriers to trade and investment","CHL","Chile","2008","2008",0.46732956,,
"BTI","Barriers to trade and investment","CHL","Chile","2013","2013",0.42581168,,
"PMR","Product market regulation","CHN","China (People's Republic of)","2008","2008",3.1691127,,
"PMR","Product market regulation","CHN","China (People's Republic of)","2013","2013",2.8601627,,
"STC","State control","CHN","China (People's Republic of)","2008","2008",4.0801601,,
"STC","State control","CHN","China (People's Republic of)","2013","2013",3.5665529,,
"BTE","Barriers to entrepreneurship","CHN","China (People's Republic of)","2008","2008",3.1593003,,
"BTE","Barriers to entrepreneurship","CHN","China (People's Republic of)","2013","2013",3.1272433,,
"BTI","Barriers to trade and investment","CHN","China (People's Republic of)","2008","2008",2.2678778,,
"BTI","Barriers to trade and investment","CHN","China (People's Republic of)","2013","2013",1.8866923,,
"PMR","Product market regulation","EST","Estonia","2008","2008",1.3697752,,
"PMR","Product market regulation","EST","Estonia","2013","2013",1.2916979,,
"STC","State control","EST","Estonia","2008","2008",1.8073441,,
"STC","State control","EST","Estonia","2013","2013",1.6063105,,
"BTE","Barriers to entrepreneurship","EST","Estonia","2008","2008",1.7760372,,
"BTE","Barriers to entrepreneurship","EST","Estonia","2013","2013",1.5589573,,
"BTI","Barriers to trade and investment","EST","Estonia","2008","2008",0.52594435,,
"BTI","Barriers to trade and investment","EST","Estonia","2013","2013",0.70982575,,
"PMR","Product market regulation","IND","India","2008","2008",3.3993695,,
"PMR","Product market regulation","IND","India","2013","2013",3.0987148,,
"STC","State control","IND","India","2008","2008",3.7330012,,
"STC","State control","IND","India","2013","2013",4.0235624,,
"BTE","Barriers to entrepreneurship","IND","India","2008","2008",4.1192832,,
"BTE","Barriers to entrepreneurship","IND","India","2013","2013",3.6056964,,
"BTI","Barriers to trade and investment","IND","India","2008","2008",2.3458238,,
"BTI","Barriers to trade and investment","IND","India","2013","2013",1.6668857,,
"PMR","Product market regulation","IDN","Indonesia","2013","2013",2.8520231,,
"STC","State control","IDN","Indonesia","2013","2013",4.0419087,,
"BTE","Barriers to entrepreneurship","IDN","Indonesia","2013","2013",2.7158403,,
"BTI","Barriers to trade and investment","IDN","Indonesia","2013","2013",1.7983203,,
"PMR","Product market regulation","ISR","Israel","2008","2008",2.2279277,,
"PMR","Product market regulation","ISR","Israel","2013","2013",2.1493695,,
"STC","State control","ISR","Israel","2008","2008",3.021214,,
"STC","State control","ISR","Israel","2013","2013",2.9197478,,
"BTE","Barriers to entrepreneurship","ISR","Israel","2008","2008",2.5689042,,
"BTE","Barriers to entrepreneurship","ISR","Israel","2013","2013",2.4989583,,
"BTI","Barriers to trade and investment","ISR","Israel","2008","2008",1.0936648,,
"BTI","Barriers to trade and investment","ISR","Israel","2013","2013",1.029402,,
"PMR","Product market regulation","RUS","Russia","2008","2008",2.6860087,,
"PMR","Product market regulation","RUS","Russia","2013","2013",2.2204349,,
"STC","State control","RUS","Russia","2008","2008",3.8395662,,
"STC","State control","RUS","Russia","2013","2013",3.4125738,,
"BTE","Barriers to entrepreneurship","RUS","Russia","2008","2008",2.2754631,,
"BTE","Barriers to entrepreneurship","RUS","Russia","2013","2013",1.5436361,,
"BTI","Barriers to trade and investment","RUS","Russia","2008","2008",1.9429967,,
"BTI","Barriers to trade and investment","RUS","Russia","2013","2013",1.7050946,,
"PMR","Product market regulation","SVN","Slovenia","2008","2008",1.8889768,,
"PMR","Product market regulation","SVN","Slovenia","2013","2013",1.7019552,,
"STC","State control","SVN","Slovenia","2008","2008",2.7422261,,
"STC","State control","SVN","Slovenia","2013","2013",2.5027826,,
"BTE","Barriers to entrepreneurship","SVN","Slovenia","2008","2008",1.9991704,,
"BTE","Barriers to entrepreneurship","SVN","Slovenia","2013","2013",1.8089505,,
"BTI","Barriers to trade and investment","SVN","Slovenia","2008","2008",0.92553407,,
"BTI","Barriers to trade and investment","SVN","Slovenia","2013","2013",0.79413259,,
"PMR","Product market regulation","ZAF","South Africa","2008","2008",2.6524577,,
"PMR","Product market regulation","ZAF","South Africa","2013","2013",2.2091889,,
"STC","State control","ZAF","South Africa","2008","2008",3.4202137,,
"STC","State control","ZAF","South Africa","2013","2013",3.1237378,,
"BTE","Barriers to entrepreneurship","ZAF","South Africa","2008","2008",2.6515632,,
"BTE","Barriers to entrepreneurship","ZAF","South Africa","2013","2013",2.1655295,,
"BTI","Barriers to trade and investment","ZAF","South Africa","2008","2008",1.8855966,,
"BTI","Barriers to trade and investment","ZAF","South Africa","2013","2013",1.3382995,,
"PMR","Product market regulation","BGR","Bulgaria","2013","2013",1.5748541,,
"BTE","Barriers to entrepreneurship","BGR","Bulgaria","2013","2013",1.6994221,,
"STC","State control","BGR","Bulgaria","2013","2013",2.7962942,,
"BTI","Barriers to trade and investment","BGR","Bulgaria","2013","2013",0.22884616,,
"PMR","Product market regulation","HRV","Croatia","2013","2013",2.0754354,,
"STC","State control","HRV","Croatia","2013","2013",2.5346816,,
"BTE","Barriers to entrepreneurship","HRV","Croatia","2013","2013",1.9851851,,
"BTI","Barriers to trade and investment","HRV","Croatia","2013","2013",1.7064394,,
"PMR","Product market regulation","CYP","Cyprus","2013","2013",1.650093,,
"STC","State control","CYP","Cyprus","2013","2013",2.2615614,,
"BTE","Barriers to entrepreneurship","CYP","Cyprus","2013","2013",2.0902066,,
"BTI","Barriers to trade and investment","CYP","Cyprus","2013","2013",0.59851104,,
"PMR","Product market regulation","LVA","Latvia","2013","2013",1.6076627,,
"STC","State control","LVA","Latvia","2013","2013",2.0225277,,
"BTE","Barriers to entrepreneurship","LVA","Latvia","2013","2013",2.0341306,,
"BTI","Barriers to trade and investment","LVA","Latvia","2013","2013",0.76632959,,
"PMR","Product market regulation","LTU","Lithuania","2013","2013",1.5155052,,
"STC","State control","LTU","Lithuania","2013","2013",2.179651,,
"BTE","Barriers to entrepreneurship","LTU","Lithuania","2013","2013",1.5689278,,
"BTI","Barriers to trade and investment","LTU","Lithuania","2013","2013",0.79793668,,
"PMR","Product market regulation","MLT","Malta","2013","2013",1.5675349,,
"STC","State control","MLT","Malta","2013","2013",1.9519048,,
"BTE","Barriers to entrepreneurship","MLT","Malta","2013","2013",2.1835127,,
"BTI","Barriers to trade and investment","MLT","Malta","2013","2013",0.56718749,,
"PMR","Product market regulation","ROU","Romania","2013","2013",1.6869421,,
"STC","State control","ROU","Romania","2013","2013",2.7800283,,
"BTE","Barriers to entrepreneurship","ROU","Romania","2013","2013",2.0637703,,
"BTI","Barriers to trade and investment","ROU","Romania","2013","2013",0.21702759,,
